Subject,count,mean,min,max
English,25000,63.68267163939686,0.0,100.0
Maths,25000,63.785020453998555,0.0,100.0
Science,25000,63.74884476534296,0.0,100.0
